{
	{
		"parent": "item/generated",
		"textures": {
			"layer0": "item/clay"
		}
	},
	"overrides": [
		{ "predicate": { "custom_model_data": 1 }, "model": "item/custom/clay/model1" },
		{ "predicate": { "custom_model_data": 2 }, "model": "item/custom/clay/model2" },
		{ "predicate": { "custom_model_data": 3 }, "model": "item/custom/clay/model3" },
		{ "predicate": { "custom_model_data": 4 }, "model": "item/custom/clay/model4" },
		{ "predicate": { "custom_model_data": 5 }, "model": "item/custom/clay/model5" },
		{ "predicate": { "custom_model_data": 6 }, "model": "item/custom/clay/model6" },
		{ "predicate": { "custom_model_data": 7 }, "model": "item/custom/clay/model7" }
	]
}